stocks,weights,corr_min,corr_max,corr_mean,corr_std,return,sigma,sharpe,information,modigliani,config
8//9//17//23//28//29//38//60//62//66//69//72//75//84,0.0//0.0//0.0//0.0//0.0//0.0//2.43539013189581e-10//0.0//0.0//0.0//0.0//0.999999999756461//0.0//0.0,0.7508079410853851,0.9829001762339624,0.9182455693079578,0.0431505839788929,1.6819609302053165,0.8479436829864695,1.9730802455096692,5.597954663555225,0.6006083936756211,Mantegna_indextrack3_CLA_weight_sharpe
0//4//10//25//33//41//56//59//68//76//77//88,0.0//0.0//0.0//0.999999999756461//2.4353901318956843e-10//0.0//0.0//0.0//0.0//0.0//0.0//0.0,0.5608203591103678,0.9624132520011104,0.850265935359446,0.0854287076005956,1.3672534772902143,0.6961815608265943,1.9511483120544104,4.548547446929093,0.5940312110473192,Mantegna_indextrack3_CLA_weight_sharpe
3//5//12//16//18//34//39//53//54//81//85,0.10157256528263642//0.0//0.8558906014667815//0.0//0.0//0.030633694208477575//0.0//0.0//0.0//0.011903139042104459//0.0,-0.4048975357184087,0.9446192392626016,0.4272961788464048,0.3203248172053237,0.9793242413055322,0.5133320088750701,1.8904417112662557,3.254978654669165,0.5758258667286508,Mantegna_indextrack3_CLA_weight_sharpe
1//24//37//47//52//63//67//71//82,1.0//8.326672681407512e-17//0.0//0.0//0.0//0.0//0.0//0.0//0.0,0.3132518002622271,0.93354125723708,0.6434816989754796,0.1631370749311962,0.7506451092692561,0.4931196926635555,1.5041887807456356,2.4924370331480312,0.4599922093845114,Mantegna_indextrack3_CLA_weight_sharpe
6//21//35//36//40//43//74//89,0.0//0.0//0.0//0.17428924441261717//-6.5000529812569e-18//0.16242959361981313//0.042036371836186345//0.6212447901313835,-0.4804776782400209,0.7334026210375334,0.2873180576888329,0.3328222393374691,0.6324045432900178,0.4516365326480901,1.380544969722025,2.098158149419007,0.4229125817438148,Mantegna_indextrack3_CLA_weight_sharpe
11//22//45//46//48//50//79,0.7361139730456339//0.07552205180402258//0.0//0.0//0.1883639751503429//0.0//0.0,0.6412304074008576,0.9527089718720791,0.8159644681232582,0.08360383859678,0.654752261496373,0.4354456438919963,1.48319835220711,2.172677696203312,0.453697375314098,Mantegna_indextrack3_CLA_weight_sharpe
2//7//13//19//55//70//73,0.0//-1.5783540795545324e-16//0.9999999999999994//0.0//0.0//0.0//0.0,0.8975828423824568,0.991385155154556,0.931048615373988,0.0231806109320328,1.113839314000374,0.6608396980922534,1.6720232110603686,3.7035256678504394,0.510324192278264,Mantegna_indextrack3_CLA_weight_sharpe
20//26//58//65//78//83//86,0.0//0.0//0.0//0.9999999999913857//0.0//8.614249340172373e-12//0.0,0.6113250585353422,0.9556754604168398,0.8445916485886994,0.0927621540057427,0.6648004316853316,0.7114397665636977,0.9219338902762988,2.206183805488322,0.2853793892858584,Mantegna_indextrack3_CLA_weight_sharpe
27//32//57//80//87,0.0//0.32744381431059044//0.0//0.6725561856894094//0.0,0.8501432472000799,0.9755121539261437,0.9171331500997952,0.0395841232095607,1.0436708331770217,0.486328808126571,2.127718563831641,3.4695454761719704,0.6469829854557733,Mantegna_indextrack3_CLA_weight_sharpe
6//8//31//48//55//77//80//82//95//99//123//128//147//151//176//200//201//215//216//225,0.0//0.0//0.0//0.0//0.9761218411712781//0.0//0.0//0.0//0.0//0.0//0.0//0.0//0.0//0.0//0.0//0.0//0.0//0.02387815882872184//0.0//0.0,0.3946095991235315,0.9567945507035368,0.7920023655292736,0.1102032391317336,0.928949621537271,0.9279338254031866,0.9915034847851464,1.8140931862174992,0.5163142548099027,Mantegna_indextrack5_CLA_weight_sharpe
1//5//16//23//42//50//63//78//96//101//102//134//137//148//150//157//162//175//185,0.0//0.04033391047745923//0.0//0.0//0.0//0.0//0.0//0.0//0.0//0.0//0.9596660895225408//0.0//0.0//0.0//0.0//0.0//0.0//0.0//0.0,0.4489795888715473,0.957740490095449,0.768913534363611,0.107228318999304,0.2329446659233162,0.7559916447003991,0.2963586535564233,0.4540775138602012,0.16056523129607,Mantegna_indextrack5_CLA_weight_sharpe
30//56//65//66//93//94//98//103//113//115//145//152//155//171//172//202//204//210,0.0//0.0//0.0//0.0//0.0//0.0//0.0//0.0//2.7788989768842986e-16//0.0//0.0//0.0//0.0//0.0//0.0//0.0//0.0//0.9999999999999996,0.539627018765716,0.9617257425238352,0.7979001999944171,0.0896102526001091,1.1201195563919837,0.8807926988029311,1.2616130423222416,2.187645278611136,0.6545461843571976,Mantegna_indextrack5_CLA_weight_sharpe
4//10//12//20//22//28//39//45//71//83//117//130//135//141//144//163//194//218,0.0//0.0//0.0//0.46841201642883856//0.0//0.0//0.0//0.0//0.40595518250077656//0.12563280107038535//0.0//0.0//0.0//0.0//0.0//0.0//0.0//0.0,0.5716738737319046,0.9557651575614466,0.83654863588035,0.0746910183795732,0.4586790529412208,0.551236914524273,0.8159450883825295,0.8951696377855366,0.4264700593499557,Mantegna_indextrack5_CLA_weight_sharpe
9//14//51//53//62//87//111//116//124//140//160//169//177//183//186//199,0.0//0.0//0.0//0.0//0.0//0.0//0.0//0.0//0.0//0.0//0.19905947429476095//0.0//0.0//0.8009405257052391//0.0//0.0,0.3121500235590032,0.960669254698206,0.7834734221858424,0.1458457314619856,1.048070328462632,0.7986903016949652,1.3010929596331955,2.046858810964904,0.6747505236557481,Mantegna_indextrack5_CLA_weight_sharpe
15//59//60//64//72//76//89//119//142//154//173//180//189//208//219//220,0.0//0.0//0.0//0.0//0.0//0.0//0.0//-5.46860336659911e-27//0.0//0.0//0.0//0.0//1.0//0.0//0.0//0.0,0.4603669397989735,0.9615146302801794,0.8183057459782063,0.1369987468253201,-0.1046255885186804,1.1690804539487685,-0.0971067372953062,-0.2055454282749992,-0.040795582010381,Mantegna_indextrack5_CLA_weight_sharpe
13//18//27//32//43//74//85//105//118//127//156//181//198//214//221,0.0//0.0//0.0//0.0//0.0//0.0//0.0//0.0//0.3274784114977445//0.3794695966610089//0.2930519918412475//0.0//0.0//0.0//0.0,0.4742537026068639,0.9184908060482198,0.7354322608443579,0.1026853575470656,0.1798319819002552,0.7419638297119656,0.2303777826563486,0.3502936512746172,0.126798699001204,Mantegna_indextrack5_CLA_weight_sharpe
3//17//24//25//33//34//44//46//138//166//190//191//195//213//224,0.0//0.0//0.0//0.0//0.0//0.0//0.28506275128548525//0.7149372487145148//0.0//0.0//0.0//0.0//0.0//0.0//2.2254730572176385e-17,0.1962126366021711,0.9319480009232372,0.6193533064127267,0.1909184499087638,0.4268220834929584,0.7414248671394458,0.5636742197565872,0.8329201130171012,0.2973673009851501,Mantegna_indextrack5_CLA_weight_sharpe
11//21//26//36//37//38//49//57//58//68//91//106//146//165,-2.5703290369602294e-18//0.2591530948432859//0.0//0.0//0.0//0.0//0.0//0.0//0.0//0.0//0.0//0.7408469051567138//0.0//0.0,0.2954695559778223,0.9634866671291884,0.7434814625351701,0.15727148651269,0.358060907497123,0.6807042242754717,0.5129407091145395,0.6985586027293437,0.271403795166607,Mantegna_indextrack5_CLA_weight_sharpe
29//81//109//122//153//161//178//184//187//205//206,0.0//0.0//0.0//0.0//0.0//-1.1102230241876682e-16//1.0//0.0//0.0//0.0//0.0,0.4077327028456016,0.9308028926384144,0.7385226701383992,0.1310039742089007,0.4713093312579987,0.7011611032738397,0.6594908489631431,0.9198496006485882,0.3464026541163363,Mantegna_indextrack5_CLA_weight_sharpe
67//70//88//114//121//131//132//207//211//217//223,0.0//1.0//0.0//0.0//0.0//0.0//0.0//0.0//0.0//0.0//0.0,0.7068458871633462,0.9198786024894744,0.8321109071486081,0.0481946955096773,0.0660603061969064,0.711300193621771,0.0803603130007033,0.1279802025285289,0.0500253908465872,Mantegna_indextrack5_CLA_weight_sharpe
35//73//120//129//139//164//174//188//203,0.0//2.2204460483753364e-16//0.0//0.0//0.0//0.0//0.0//0.9999999999999998//0.0,0.5680053547004741,0.929755654628903,0.8114563344252559,0.082263921929739,0.6407428223229922,0.9387982085950852,0.6730336898155644,1.2509279951513033,0.3533333715617012,Mantegna_indextrack5_CLA_weight_sharpe
75//86//100//104//108//133//158//182//212,0.0//0.9999999999999997//0.0//0.0//0.0//0.0//0.0//0.0//0.0,0.8037625195232507,0.9275497645300744,0.8725347291529713,0.0350708774024694,-0.008352968109654,0.531304902814884,-0.0324728193138192,-0.0174256864267763,-0.0077183696442264,Mantegna_indextrack5_CLA_weight_sharpe
2//7//41//54//90//159//167//170//209,0.0//0.0//0.9999999999999996//0.0//0.0//0.0//0.0//0.0//0.0,0.6273602596917333,0.974717788341271,0.868909095920292,0.0930678227096779,-0.139280243631792,0.5912675538855049,-0.2506145359372893,-0.273261719220649,-0.1193551094862821,Mantegna_indextrack5_CLA_weight_sharpe
40//79//84//126//168//193//196//222,0.0//0.0//0.5360570375398324//0.0//0.0//0.4166093712759947//0.0//0.04733359118417256,0.5784284537908637,0.9282603719622008,0.7886333759419067,0.0989091516184419,0.016672422727995,0.7588129509205399,0.0102428704182842,0.031474717904464,0.0141419164835657,Mantegna_indextrack5_CLA_weight_sharpe
61//69//92//125//136//149,0.0//1.5904295677956492e-16//0.9136675944787549//0.0//0.0//0.08633240552124517,0.5882106258302116,0.9614337061467432,0.7882538074543174,0.1114129876821005,0.1401527189235396,0.76616662049296,0.1713109334351973,0.2727591178195828,0.0965705033958058,Mantegna_indextrack5_CLA_weight_sharpe
0//6//9//11//15//23//24//26//28,0.0//0.0//0.9999999999999999//0.0//0.0//0.0//0.0//0.0//0.0,0.6479482591847698,0.9603265792274606,0.8395093529763737,0.0916265247426743,0.5846412532980729,0.5175720556365234,1.1123885979315702,0.9997787558373464,0.6540568161210182,Mantegna_indextrack1_CLA_weight_volatility
4//10//13//18//21//22//27//30,0.0//1.0//0.0//0.0//0.0//0.0//0.0//0.0,0.6660788619538754,0.9794132236816504,0.9017283129867378,0.0721268432383642,3.117462000271616,0.917547158476938,3.3879043399051048,5.366904467192135,1.9737975019341347,Mantegna_indextrack1_CLA_weight_volatility
2//3//7//8//12//17//31,0.0//0.5489599696510802//0.0//0.0//0.0//0.4510400303489198//0.0,0.6155310298835805,0.9753803258023588,0.8325853171200267,0.0990225118153301,0.4385062530013234,0.7026638295572123,0.6113965667936008,0.7478107008980678,0.3634943055811021,Mantegna_indextrack1_CLA_weight_volatility
1//5//14//16,0.0//0.0//0.3543523134238074//0.6456476865761925,0.5396474887030839,0.9431983825662305,0.7517274685592746,0.1786532533740742,1.118237420882016,0.7456226173439469,1.4878001217743264,1.919812890002056,0.8717858578496815,Mantegna_indextrack1_CLA_weight_volatility
19//20//25//29,0.019123627471259955//0.0//0.0//0.9808763725287403,0.4088309312082665,0.9211474707251704,0.7164335187471687,0.2087591925315666,1.9841988651653648,1.1971581450880524,1.649989914256549,3.4129159818377306,0.9658517717935392,Mantegna_indextrack1_CLA_weight_volatility
24//25//27//33//38//41//45//56//70//80//84//89//90,0.0//0.0//0.0//0.0//0.0//0.0//1.1102230241876682e-16//0.0//0.0//0.0//1.0//0.0//0.0,0.4040945317016087,0.9738408448489452,0.8202643926004057,0.1167916527443413,2.773405568946577,0.949090039585226,2.9127958925316806,14.02427543304997,0.5843317664190342,Mantegna_indextrack4_CLA_weight_sharpe
0//3//4//39//51//53//57//64//73//82//95,0.0//0.0//0.0//0.0//0.9999999999999998//0.0//0.0//0.0//0.0//0.0//0.0,0.5890467140618983,0.9666183360088147,0.828304295294296,0.0988618245362079,2.8962015938493653,0.8554032811738854,3.3753688551288565,14.645860437266776,0.6757144745749519,Mantegna_indextrack4_CLA_weight_sharpe
8//21//42//46//50//66//69//74//81//96,0.0//0.0//6.906635488014168e-12//0.0//2.0278692622692567e-26//0.0//0.9999999999930934//0.0//0.0//0.0,0.1775810520098072,0.94397699634796,0.6214825134420382,0.1968862491567371,0.7947996955107144,0.4494680560103635,1.7485106783486155,4.00870904027254,0.3543236497738896,Mantegna_indextrack4_CLA_weight_sharpe
10//12//13//28//31//37//44//48//59//93,-1.7981630441194527e-16//0.0//0.0//0.6262684139283001//0.3737315860717001//0.0//0.0//0.0//0.0//0.0,0.3655520628799505,0.9049249373512608,0.7096187365969958,0.12181140306294,1.3613918172390165,0.523694945766585,2.582594749428482,6.8767592613811095,0.5190995173841351,Mantegna_indextrack4_CLA_weight_sharpe
15//22//32//35//49//68//71//72//94,0.05717840662290838//0.0//0.0//0.0//2.2983423907135622e-17//0.0//0.23797146359118396//0.7048501297859078//0.0,-0.628944696273529,0.8397575031376445,0.21019064314584,0.4384857438414843,0.4607920418103022,0.4974039864042807,0.9085010457536076,2.3179853462590345,0.1883771693038743,Mantegna_indextrack4_CLA_weight_sharpe
16//17//18//23//40//60//63//79,0.0//0.0//0.0//1.0//0.0//0.0//-1.1102230241876682e-16//0.0,0.7462144557703169,0.9568916159007302,0.8849367922978733,0.0533337053013451,1.2612252750023218,0.6481891231697177,1.9320368550436493,6.369723136817074,0.3905798091259841,Mantegna_indextrack4_CLA_weight_sharpe
9//11//19//34//76//78//86//88,0.2745024077412704//0.0//0.0//0.06730753719916477//0.0//0.0//0.6581900550595651//0.0,-0.2209962044991969,0.8537462203636389,0.3796394027288711,0.3087731592900865,0.5573459161103373,0.5155699819400666,1.0637661914422558,2.80673439502872,0.2190502752623124,Mantegna_indextrack4_CLA_weight_sharpe
20//29//30//43//54//61,1.0000000000000004//0.0//0.0//0.0//0.0//-4.4330413040307437e-16,0.5571623773635376,0.9574234936697648,0.806295643524728,0.1032948646770835,1.8392172818234067,0.5845487647526107,3.131162688536384,9.295478789588262,0.6274707970234191,Mantegna_indextrack4_CLA_weight_sharpe
26//65//67//97//98,1.1102230241876682e-16//0.0//0.0//0.0//1.0000000000000002,0.5387987990324964,0.8715804187751308,0.7451545357789355,0.1198300605817806,1.0086937192304724,0.6959890040662882,1.4365079238166367,5.091425828059832,0.2926865482425855,Mantegna_indextrack4_CLA_weight_sharpe
47//83//85//91,-5.55111512177387e-17//1.8091776308239113e-10//0.9999999998190825//0.0,0.5854942343389816,0.8873171227901469,0.7437051087398318,0.1136318008655306,0.6366577761946722,0.5206422424797895,1.2057373086069572,3.208205557666043,0.247097105093414,Mantegna_indextrack4_CLA_weight_sharpe
0//6//9//11//15//23//24//26//28,0.0//0.0//0.9999999997564609//0.0//0.0//0.0//2.4353901318958575e-10//0.0//0.0,0.6479482591847698,0.9603265792274606,0.8395093529763737,0.0916265247426743,0.5846412535256665,0.5175720555623188,1.1123885985307873,0.9997787562297664,0.6540568164685486,Mantegna_indextrack1_CLA_weight_sharpe
4//10//13//18//21//22//27//30,0.0//1.0//0.0//0.0//0.0//0.0//0.0//0.0,0.6660788619538754,0.9794132236816504,0.9017283129867378,0.0721268432383642,3.117462000271616,0.917547158476938,3.3879043399051048,5.366904467192135,1.9737975019341347,Mantegna_indextrack1_CLA_weight_sharpe
2//3//7//8//12//17//31,1.0//0.0//2.052977806641488e-16//0.0//0.0//3.581871437788707e-16//3.207777822877325e-18,0.6155310298835805,0.9753803258023588,0.8325853171200267,0.0990225118153301,1.340820335308238,0.6998474886955259,1.9031579834498773,2.3035935304838318,1.1126827495363736,Mantegna_indextrack1_CLA_weight_sharpe
1//5//14//16,0.0//0.0//0.0//1.0,0.5396474887030839,0.9431983825662305,0.7517274685592746,0.1786532533740742,1.6383164405912976,0.9618216681510656,1.6940941284090287,2.816540564719071,0.9914310832257512,Mantegna_indextrack1_CLA_weight_sharpe
19//20//25//29,3.469446950586463e-18//0.0//0.0//1.0,0.4088309312082665,0.9211474707251704,0.7164335187471687,0.2087591925315666,1.999891514079075,1.2137847226268417,1.6403168345785588,3.4399734712523347,0.9602416340244706,Mantegna_indextrack1_CLA_weight_sharpe
8//19//20//34//42//48//55//61//67//73//77,0.0//0.0//0.0//0.0//0.0//0.0//0.0//0.0//0.0//1.0//0.0,0.5553044081915569,0.8817728535788303,0.7575068087764434,0.0855206193728976,-0.09048817264315,0.541685884776879,-0.1834793474156857,-0.3509487347940355,-0.0387552696942694,Mantegna_indextrack2_CLA_weight_volatility
4//6//17//21//25//26//37//40//44//81,0.0//0.0//0.058063742792805344//0.0//0.0//0.0//0.011802792795084349//0.0//0.9301334644121105//0.0,0.2849647870504202,0.9377204661673422,0.7150339825560438,0.1686011337115655,-0.2311444417234698,0.4908807083287969,-0.4890076909738436,-0.8924947301550797,-0.1181104440862985,Mantegna_indextrack2_CLA_weight_volatility
0//14//35//41//47//51//57//66//75,0.0//0.0//0.0//0.6292610208884549//0.0//0.15894786044348688//0.2117911186680537//0.0//0.0,0.78109870670443,0.9761648413325106,0.8936581094999863,0.0502536416060166,0.5299049406427253,0.5192182655418898,1.0034410867633303,2.0376501399399785,0.2695247312602402,Mantegna_indextrack2_CLA_weight_volatility
11//18//62//65//69//70//72//74//79,0.0//0.0//0.0//0.0//1.0//0.0//0.0//0.0//0.0,0.6173751031106787,0.9115045037743532,0.8014869657304078,0.0727286358509173,0.1479152699110144,0.3984418247646656,0.3488972825408626,0.5669373319959927,0.0995194311745252,Mantegna_indextrack2_CLA_weight_volatility
1//5//10//30//33//53//63//83,0.052969123174821636//0.0//0.0//0.0//0.0//0.9470308768251784//0.0//0.0,0.0075789031409157,0.9280482058876592,0.6261656532096757,0.2312173445870364,-0.267843430084574,0.5530395710040663,-0.5004043916462159,-1.033790886456571,-0.1210705202573582,Mantegna_indextrack2_CLA_weight_volatility
15//29//31//36//56//68//76//80,0.1120952023595749//0.0//0.0//0.0//0.8879047976404252//0.0//0.0//0.0,0.4219859724456334,0.9593436793411256,0.7985833276321871,0.1177579155466188,0.4043058622338379,0.3476527114818518,1.1373587755103094,1.554076401079251,0.3043073030535217,Mantegna_indextrack2_CLA_weight_volatility
12//43//45//50//54//60//82,0.0//0.0//0.0//1.0//0.0//0.0//0.0,0.634454968628869,0.8997776953810329,0.7955840097825095,0.0758366513748587,0.1404256121956677,1.0364344169654165,0.1269020113986203,0.5381011189434848,0.0418603830792211,Mantegna_indextrack2_CLA_weight_volatility
3//7//13//32//46//58//71,0.0//0.0//0.7764021883418607//0.0//0.0//0.22359781165813933//0.0,0.748056515793092,0.9671570568994412,0.8841872301779355,0.0574789197890972,1.0496957875702748,0.5958607181851926,1.7467098531687353,4.038916442675472,0.4625746522310645,Mantegna_indextrack2_CLA_weight_volatility
23//27//28//38//64,0.0//0.0//0.0//1.0//0.0,0.8167007011597861,0.957978659276126,0.903222192788798,0.0454890523430418,0.4598449662337009,0.6970995069626613,0.646887512800744,1.767909595672884,0.1769167240541383,Mantegna_indextrack2_CLA_weight_volatility
22//24//59//78//84,0.0//0.0//1.0//0.0//0.0,0.6253594369424663,0.8862680189233152,0.7784790402713776,0.0975896081315833,0.0850282415511997,0.5098136689436741,0.1493256187283802,0.3248136172757711,0.0476844884614858,Mantegna_indextrack2_CLA_weight_volatility
6//8//31//48//55//77//80//82//95//99//123//128//147//151//176//200//201//215//216//225,0.0//0.0//0.0//0.0//0.0//0.0//0.0//0.7929665718414047//0.0//0.0//0.0//0.2070334281585953//0.0//0.0//0.0//0.0//0.0//0.0//0.0//0.0,0.3946095991235315,0.9567945507035368,0.7920023655292736,0.1102032391317336,0.2017591648170825,0.5903507732740623,0.3266857155915849,0.3931400594459854,0.17608548293339,Mantegna_indextrack5_CLA_weight_volatility
1//5//16//23//42//50//63//78//96//101//102//134//137//148//150//157//162//175//185,0.0//0.0//0.0//0.2915647231600446//0.0//0.40459654986824944//0.0//0.0//0.0//0.0//0.30383872697170594//0.0//0.0//0.0//0.0//0.0//0.0//0.0//0.0,0.4489795888715473,0.957740490095449,0.768913534363611,0.107228318999304,-0.0910240390452744,0.5662246496344622,-0.1764741946677566,-0.1789675708862428,-0.0814128666259014,Mantegna_indextrack5_CLA_weight_volatility
30//56//65//66//93//94//98//103//113//115//145//152//155//171//172//202//204//210,0.0//0.0//0.0//0.0//0.0//0.0//0.0//0.0//0.9999999999999999//0.0//0.0//8.326672684688674e-17//0.0//0.0//0.0//0.0//0.0//0.0,0.539627018765716,0.9617257425238352,0.7979001999944171,0.0896102526001091,0.1899406203216635,0.582694189089086,0.3106957709749614,0.3700462501152121,0.167902429664693,Mantegna_indextrack5_CLA_weight_volatility
4//10//12//20//22//28//39//45//71//83//117//130//135//141//144//163//194//218,0.0//0.0//0.0//0.9619536168824965//0.0//0.0//0.0//0.0//0.03804638311750352//0.0//0.0//0.0//0.0//0.0//0.0//0.0//0.0//0.0,0.5716738737319046,0.9557651575614466,0.83654863588035,0.0746910183795732,0.3825627879432827,0.6618987340878869,0.5645316552209446,0.7464360512161974,0.2978061042610547,Mantegna_indextrack5_CLA_weight_volatility
9//14//51//53//62//87//111//116//124//140//160//169//177//183//186//199,0.0//0.0//0.0//0.0//0.0//0.0//0.0//0.020634031144027547//0.0//0.0//0.2021747172687909//0.7771912515871814//0.0//0.0//0.0//0.0,0.3121500235590032,0.960669254698206,0.7834734221858424,0.1458457314619856,0.4157278506606514,0.6116551026061227,0.6651262270636684,0.8112416315594385,0.3492866290325412,Mantegna_indextrack5_CLA_weight_volatility
15//59//60//64//72//76//89//119//142//154//173//180//189//208//219//220,0.0//0.0//0.0//1.0//0.0//0.0//0.0//0.0//0.0//0.0//0.0//0.0//0.0//0.0//0.0//0.0,0.4603669397989735,0.9615146302801794,0.8183057459782063,0.1369987468253201,-0.2170505462314905,0.7282658751616379,-0.310258319025783,-0.4252273475203205,-0.1498785581824303,Mantegna_indextrack5_CLA_weight_volatility
13//18//27//32//43//74//85//105//118//127//156//181//198//214//221,0.0//0.0//0.0//0.0//0.0//0.0//0.0//0.0//0.8495185094211325//0.0//0.06959127477847736//0.0//0.0//0.08089021580039021//0.0,0.4742537026068639,0.9184908060482198,0.7354322608443579,0.1026853575470656,0.1387853695582462,0.7492847542673159,0.1733458058749026,0.2700872739607321,0.0976118747056101,Mantegna_indextrack5_CLA_weight_volatility
3//17//24//25//33//34//44//46//138//166//190//191//195//213//224,0.0//0.0//0.0//0.0//0.22918886411717057//0.0//0.0//0.6997729164768796//0.0//0.0//0.0//0.0//0.0//0.0//0.07103821940594984,0.1962126366021711,0.9319480009232372,0.6193533064127267,0.1909184499087638,0.2235985235813918,0.7240083860631052,0.2965414872455338,0.4358148564486788,0.1606587987131671,Mantegna_indextrack5_CLA_weight_volatility
11//21//26//36//37//38//49//57//58//68//91//106//146//165,0.0//0.0//0.0//0.0//0.0//0.0//0.0//0.0//0.0//0.0//0.0//0.7216041997342109//0.2783958002657891//0.0,0.2954695559778223,0.9634866671291884,0.7434814625351701,0.15727148651269,0.2050002370525058,0.6511925509625563,0.3011401723847139,0.3994732169901431,0.1630122330972208,Mantegna_indextrack5_CLA_weight_volatility
29//81//109//122//153//161//178//184//187//205//206,0.0//0.0//0.0//0.0//0.0//0.5558004678983832//0.44419953210161667//0.0//0.0//0.0//0.0,0.4077327028456016,0.9308028926384144,0.7385226701383992,0.1310039742089007,0.1920934030610972,0.6082836535898668,0.3011644353418952,0.3742528556015588,0.1630246499676873,Mantegna_indextrack5_CLA_weight_volatility
67//70//88//114//121//131//132//207//211//217//223,0.0//1.0//0.0//0.0//0.0//0.0//0.0//0.0//0.0//0.0//0.0,0.7068458871633462,0.9198786024894744,0.8321109071486081,0.0481946955096773,0.0660603061969064,0.711300193621771,0.0803603130007033,0.1279802025285289,0.0500253908465872,Mantegna_indextrack5_CLA_weight_volatility
35//73//120//129//139//164//174//188//203,0.0//0.8145565878069999//0.021799067814642286//0.0//0.0//0.0//0.1636443443783574//0.0//0.0,0.5680053547004741,0.929755654628903,0.8114563344252559,0.082263921929739,0.1211730586829205,0.6408853998204845,0.1751842977143321,0.2356722620794696,0.0985527457978387,Mantegna_indextrack5_CLA_weight_volatility
75//86//100//104//108//133//158//182//212,0.0//0.0//0.0//1.0//0.0//0.0//0.0//0.0//0.0,0.8037625195232507,0.9275497645300744,0.8725347291529713,0.0350708774024694,-0.1264933323708613,0.5012144928386174,-0.2701305215738358,-0.2482756906361723,-0.1293426581541467,Mantegna_indextrack5_CLA_weight_volatility
2//7//41//54//90//159//167//170//209,0.270622101240523//0.0//0.0//0.7293778987594769//0.0//0.0//0.0//0.0//0.0,0.6273602596917333,0.974717788341271,0.868909095920292,0.0930678227096779,-0.3900475854925951,0.6076954736845595,-0.6564926065249574,-0.7632690277824542,-0.3270682662136643,Mantegna_indextrack5_CLA_weight_volatility
40//79//84//126//168//193//196//222,0.0//0.0//0.054967577600505545//0.0//0.0//0.6512485685141206//0.2937838538853734//0.0,0.5784284537908637,0.9282603719622008,0.7886333759419067,0.0989091516184419,-0.1262221555281787,0.6037012407662719,-0.2238228885477682,-0.2477458025182013,-0.1056441503178135,Mantegna_indextrack5_CLA_weight_volatility
61//69//92//125//136//149,0.0//1.0//0.0//0.0//0.0//0.0,0.5882106258302116,0.9614337061467432,0.7882538074543174,0.1114129876821005,-0.0231482242981419,0.5392045330893291,-0.0594361180803213,-0.0463360844499271,-0.0215171735423147,Mantegna_indextrack5_CLA_weight_volatility
8//9//17//23//28//29//38//60//62//66//69//72//75//84,0.0//0.0//0.0//0.0//0.0//0.0//0.0//0.0//0.0//0.0//0.0//1.0//0.0//0.0,0.7508079410853851,0.9829001762339624,0.9182455693079578,0.0431505839788929,1.681960929979907,0.8479436831440016,1.9730802448772773,5.597954662803585,0.6006083934859726,Mantegna_indextrack3_CLA_weight_volatility
0//4//10//25//33//41//56//59//68//76//77//88,0.0//0.0//0.0//1.0//0.0//0.0//0.0//0.0//0.0//0.0//0.0//0.0,0.5608203591103678,0.9624132520011104,0.850265935359446,0.0854287076005956,1.3672534772029676,0.6961815609510769,1.9511483115802088,4.548547446638164,0.5940312109051105,Mantegna_indextrack3_CLA_weight_volatility
3//5//12//16//18//34//39//53//54//81//85,0.0//0.0//0.4694961159336087//0.0//0.0//0.4152882965489476//0.0//0.0//0.0//0.11521558751744387//0.0,-0.4048975357184087,0.9446192392626016,0.4272961788464048,0.3203248172053237,0.6314553249770395,0.5230621455761433,1.1902129225797946,2.094992935063369,0.3658337730456768,Mantegna_indextrack3_CLA_weight_volatility
1//24//37//47//52//63//67//71//82,0.0//0.0//0.9999999999999999//0.0//0.0//0.0//0.0//0.0//0.0,0.3132518002622271,0.93354125723708,0.6434816989754796,0.1631370749311962,0.1184195946362559,0.4998180087512156,0.2191189447332804,0.3842504889608478,0.0746117312420992,Mantegna_indextrack3_CLA_weight_volatility
6//21//35//36//40//43//74//89,0.0//0.0//0.0//0.08240365691634594//0.2734849805418621//0.4632133932523341//0.008205542456221402//0.17269242683323643,-0.4804776782400209,0.7334026210375334,0.2873180576888329,0.3328222393374691,0.3035981764495267,0.4625826705677544,0.6370713716703365,1.001737422681042,0.1999517723978358,Mantegna_indextrack3_CLA_weight_volatility
11//22//45//46//48//50//79,0.06846701041547872//0.9315329895845212//0.0//0.0//0.0//0.0//0.0,0.6412304074008576,0.9527089718720791,0.8159644681232582,0.08360383859678,0.5331143537183488,0.4442208510681458,1.1800759745019973,1.7670702119979806,0.3627937967053647,Mantegna_indextrack3_CLA_weight_volatility
2//7//13//19//55//70//73,0.0//1.0//0.0//0.0//0.0//0.0//0.0,0.8975828423824568,0.991385155154556,0.931048615373988,0.0231806109320328,0.5405375457332912,0.4929357182409727,1.078512929901742,1.7918232046542537,0.3323359853142729,Mantegna_indextrack3_CLA_weight_volatility
20//26//58//65//78//83//86,0.0//0.0//0.0//0.9646288663601298//0.0//0.03537113363987013//0.0,0.6113250585353422,0.9556754604168398,0.8445916485886994,0.0927621540057427,0.6497533414568596,0.6904241218679359,0.9282024210322156,2.156008555653223,0.2872592632913537,Mantegna_indextrack3_CLA_weight_volatility
27//32//57//80//87,0.0//1.0//0.0//0.0//0.0,0.8501432472000799,0.9755121539261437,0.9171331500997952,0.0395841232095607,0.6978611738677745,0.6032263694593996,1.1421270832129051,2.316426448653912,0.3514132775614821,Mantegna_indextrack3_CLA_weight_volatility
ABC//AJG//APD//ARNC//AXP//BLL//CHTR//DISH//DRI//FBHS//GE//HIG//HLT//ICE//IDXX//IT//JCI//KMX//LH//MA//MCD//MCK//MET//MKC//MLM//MSFT//NDAQ//PLD//PYPL//RMD//ROP//SYF//VMC//VRSK,0.0//0.0//0.0//0.0//0.0//0.0//0.0//0.0//0.0//0.0//1.0//0.0//0.0//0.0//0.0//0.0//0.0//0.0//0.0//0.0//0.0//0.0//0.0//0.0//0.0//0.0//0.0//0.0//0.0//0.0//0.0//0.0//0.0//0.0,0.1176661518130986,0.9798300564440776,0.8273042682494972,0.1330860572977916,0.0411285286096767,0.3090575146286691,0.1042800355409546,0.359377406974285,0.0208039553916099,Mantegna_sp500_CLA_weight_volatility
ACN//ADBE//AGN//AKAM//AME//AMZN//CDNS//CMCSA//COST//CVS//DRE//FB//FISV//FLS//INFO//IPG//MCO//MMC//ORCL//PG//SBUX//SNPS//SPGI//V//VRSN//WU,0.0//0.0//0.0//0.0//0.0//0.0//0.0//0.0//0.0//0.0//0.0//0.0//0.0//0.0//0.0//0.39781525524245237//0.0//0.0//0.0//0.0//0.0//0.0//0.0//0.0//0.0//0.6021847447575476,0.3232076580721355,0.9714710805032482,0.7677977232993761,0.1378776498412907,0.2945439246003385,0.149156291580799,1.915064537828116,2.579325788094468,0.2275117669801405,Mantegna_sp500_CLA_weight_volatility
A//ALXN//AOS//CHRW//CNP//CTSH//FCX//FDX//FLR//GPC//GRMN//HOG//IRM//LKQ//MMM//MOS//NLSN//NWL//PPL//RHI//ROK//SEE//TRIP//VZ,0.0//0.0//0.0//0.0//0.08486320357394293//0.0//0.0//0.0//0.0//0.0//0.0//0.0//0.0//0.0//0.0//0.0//0.0//0.4842988747549555//0.43083792167110163//0.0//0.0//0.0//0.0//0.0,-0.0722478693939102,0.96264788842152,0.7028539316336972,0.2028005419683324,-0.2487754829716117,0.2287672983746407,-1.1263650215846388,-2.180215496109801,-0.1196787725527517,Mantegna_sp500_CLA_weight_volatility
AFL//AIG//ALLE//CB//CERN//CINF//DGX//F//HRB//HSIC//IR//L//MHK//MNST//PAYX//PEP//PHM//RE//RSG//SYY//TRV//TSN//XRAY,0.0//0.0//0.0//0.0//0.0//0.0//0.0//1.0//0.0//0.0//0.0//0.0//0.0//0.0//0.0//0.0//0.0//0.0//0.0//0.0//0.0//0.0//0.0,0.3219358761010398,0.9651910576823116,0.779271937087272,0.1465340434317649,0.148750341740329,0.2930605429922298,0.4772063148195184,1.30215702341643,0.0633748825097504,Mantegna_sp500_CLA_weight_volatility
ADS//AES//ALB//AMGN//FFIV//GWW//INTC//ISRG//JBHT//LEG//M//MAS//MAT//ORLY//PM//PNR//RTN//UPS//VRTX//WAT//ZBH,0.0//1.0//0.0//0.0//0.0//0.0//0.0//0.0//0.0//0.0//0.0//0.0//3.469446951953614e-17//0.0//0.0//0.0//-8.673617379884035e-19//0.0//0.0//0.0//0.0,-0.0944181533366488,0.968454324798946,0.6485860898049777,0.2080805604709605,-0.0857403448767452,0.1942725436860085,-0.4871524461516648,-0.7520086996579343,-0.0467102705356824,Mantegna_sp500_CLA_weight_volatility
ABT//ADP//ALL//ANTM//AZO//CI//EBAY//EFX//EL//HCA//HRL//HUM//IQV//NEM//NWS//NWSA//SYK//T//TGT//UNH//WLTW,0.0//0.0//0.0//0.0//0.0//0.0//0.0//0.0//0.0//0.0//0.23419200628808662//0.0//0.0//0.0//0.0//0.7658079937119134//0.0//0.0//0.0//0.0//0.0,0.3430626412018405,0.9897067903834532,0.7298684712605924,0.1425080467627051,0.0720055011155399,0.1789895603702928,0.3525652612643302,0.6298632819951113,0.0491466408929597,Mantegna_sp500_CLA_weight_volatility
AAP//AMG//CHK//COP//CXO//DVN//EOG//FAST//FTV//GT//HAL//MRO//NBL//NOV//NRG//OXY//PXD//REGN//RL//SRCL//TPR,0.0//0.0//1.0//0.0//0.0//0.0//0.0//0.0//0.0//0.0//0.0//0.0//0.0//0.0//0.0//0.0//0.0//0.0//0.0//0.0//0.0,0.413426885846725,0.9711261343534086,0.8373963875247877,0.1037029013164608,-1.6980937822792892,0.6547248841915296,-2.6071924612841424,-14.876412582708662,-0.2887207535360797,Mantegna_sp500_CLA_weight_volatility
ABBV//ALGN//BMY//CCL//COG//EA//EQT//HST//JWN//KR//LEN//LLY//MAC//NCLH//RCL//RRC//SIG//SJM//SPG//XEC,0.0//0.0//0.0//0.0//0.0//0.0//0.0//1.0//0.0//0.0//0.0//0.0//0.0//0.0//0.0//0.0//0.0//0.0//0.0//0.0,0.0818445006464177,0.9650351295199132,0.6685910533611104,0.2069467099551346,-0.3476902716044433,0.1723348262106739,-2.069171272256502,-3.0467205639486608,-0.2273036260801666,Mantegna_sp500_CLA_weight_volatility
ANSS//AVY//CF//CLX//CSCO//DISCA//DISCK//EIX//EXPE//FMC//GD//HD//HII//HPQ//INTU//MGM//ROST//SHW//TDG//TROW,0.0//0.0//0.0//0.0//0.0//0.0//0.0//0.0//0.0//0.0//0.0//0.0//0.0//1.0//0.0//0.0//0.0//0.0//0.0//0.0,0.5235033865380936,0.9889493260677904,0.7950425972575978,0.0902378358119219,0.1611927580649361,0.2263157210096583,0.6729216926933542,1.4111540394385065,0.0857165236069787,Mantegna_sp500_CLA_weight_volatility
AMD//AON//BSX//COO//CPB//DG//DHR//ECL//KMI//MSI//MTD//TMO//TSCO//UA//UAA//WMT//XRX//YUM//ZTS,0.0//0.0//0.0//0.0//1.3877787807814457e-17//0.0//0.0//0.0//1.0//0.0//0.0//0.0//0.0//0.0//0.0//0.0//2.7755575615628914e-17//0.0//0.0,0.6112813671221209,0.9967572351494112,0.8378209138372801,0.0912587504730989,0.1185286839419232,0.1586664436701264,0.6909380547398254,1.0374117815495498,0.0877731585995517,Mantegna_sp500_CLA_weight_volatility
AYI//BHF//CAG//CAH//CMA//CRM//DHI//ETFC//IVZ//MS//MYL//PBCT//RJF//SCHW//TIF//UNM//UTX//ZION,0.0//0.0//0.0//0.0//0.0//0.0//0.15763667030934178//0.0//0.0//0.0//0.0//0.8423633296906583//0.0//0.0//0.0//0.0//0.0//0.0,-0.2522020222549917,0.9529944813627804,0.6109035864273905,0.2505703639685477,-0.0976338492889367,0.1980394109958158,-0.537942668851846,-0.8561971834020843,-0.0525081640846872,Mantegna_sp500_CLA_weight_volatility
AAL//ADM//DXC//FOX//FOXA//GOOG//GOOGL//HES//K//KHC//LOW//MPC//NUE//NVDA//SLB//VLO//WFC//XOM,0.0//0.034046763128160705//0.0//0.5081716388521252//0.0//0.0//0.0//0.0//0.0//0.0//0.0//0.0//0.0//0.0//0.0//0.0//0.4577815980197138//0.0,0.3836835292006587,0.9994174462502592,0.7333261741811634,0.1349732130720116,-0.0032135347482205,0.1562588119355571,-0.0775222504137325,-0.0290642320274751,5.0545682161196384e-05,Mantegna_sp500_CLA_weight_volatility
CHD//CL//COF//CTAS//DFS//FIS//GPN//HAS//HSY//IFF//KMB//KO//MDLZ//NAVI//NEE//NOC//USB//WM,0.04425962820746228//0.0//0.0//0.0//0.0//0.0//0.0//0.0//0.0//0.0//0.0//0.0//0.0//0.9557403717925376//0.0//0.0//0.0//0.0,0.2821347473048557,0.9769153726214276,0.7719641565123666,0.1537971595400316,0.4603104401269698,0.3121284378163669,1.4462329779529608,4.031459768939261,0.1739928940148461,Mantegna_sp500_CLA_weight_volatility
APH//BEN//BWA//CAT//CTL//CTXS//DLR//DUK//GLW//JNPR//LB//LYB//PKI//PWR//VAR//WBA//WMB//WY,0.0//0.0//0.0//0.0//0.6344479940163964//0.0//0.0//0.0//0.0//0.15490930520030793//0.0//0.0//0.0//0.0//0.0//0.0//0.2106427007832959//0.0,0.1733143835053563,0.9311852268089889,0.6719692386388874,0.169397764401586,-0.1006696654245513,0.2367854704413123,-0.4627381284009499,-0.8827912862950452,-0.0439232850123896,Mantegna_sp500_CLA_weight_volatility
AEE//AIZ//CMS//DTE//ED//ETR//FE//GIS//LNT//MDT//NI//PEG//SBAC//SO//SRE//WEC//XEL,0.0//0.0//0.0//0.0//0.0//0.0//0.0//0.0//0.0//0.0//0.6669836825052222//0.3330163174947778//0.0//0.0//0.0//0.0//0.0,0.2132269305896877,0.9893136877748052,0.8393696844703271,0.1759510828092608,0.112976431686038,0.1310122676693317,0.7944021849062378,0.9887734051839812,0.0995839753464351,Mantegna_sp500_CLA_weight_volatility
APTV//BA//EMN//EMR//ETN//EXPD//HBI//HPE//ITW//PCG//PH//STX//TXT//URI//XLNX,0.0//0.0//0.0//0.0//0.0//0.0//-1.1752751549742868e-16//1.0//0.0//0.0//0.0//0.0//0.0//0.0//0.0,0.2868585962935848,0.9573995391954456,0.7095593196119404,0.1767080015317292,-0.3213454991861433,0.229690786311306,-1.4377829624326024,-2.815937289505699,-0.1552282931946512,Mantegna_sp500_CLA_weight_volatility
AIV//AVB//D//EQIX//EQR//ESS//GILD//INCY//MAA//MRK//O//PFE//REG//UDR//VTR,0.22541991314815593//0.0//0.17900914093268522//0.0//0.0//0.0//0.0//0.0//0.0//0.0//0.0//0.0//0.0//0.5955709459191592//0.0,0.1714130302006561,0.9546231641694856,0.6028598572654446,0.1937460488218275,0.0289574871656984,0.1408963185822188,0.1423563608157301,0.2527576665102842,0.0251505100815471,Mantegna_sp500_CLA_weight_volatility
BXP//CNC//COTY//CSX//EXC//FRT//ILMN//JNJ//NFLX//NSC//PDCO//PNW//SLG//SNA//VNO,0.0//0.0//0.5448746590449496//0.0//0.0//0.06251508387651024//0.0//0.0//0.0//0.0//0.2677368438041104//0.0//0.0//0.0//0.12487341327442962,-0.2364348267631998,0.8761205408862336,0.353883374206334,0.2802138153338459,-0.1447552408187599,0.2389325635106078,-0.643090412462503,-1.2689860608648251,-0.0645111715920841,Mantegna_sp500_CLA_weight_volatility
AAPL//ADI//AMAT//ATVI//DAL//DE//DLTR//DVA//GS//PCAR//PPG//SWK//TXN//XYL,0.0//0.0//0.0//0.3367309663463666//0.0//0.0//0.0//0.0//0.0//0.6632690336536333//0.0//0.0//0.0//0.0,0.3753454861643404,0.9421207810565418,0.7439301900376418,0.1401686806629622,0.0668643904713355,0.1828692372331595,0.3169717955209195,0.5848265540285841,0.0450835138884052,Mantegna_sp500_CLA_weight_volatility
AVGO//BAC//GM//LRCX//LUV//MCHP//NTRS//PRGO//QRVO//RF//SWKS//WDC//WYNN,0.0//-5.551115123125783e-17//0.0//0.0//0.0//0.0//0.0//0.0//0.0//1.0//0.0//0.0//0.0,0.5846740209706704,0.9647461466041684,0.8024248476119421,0.0840068216862149,0.1445214884886813,0.2596922085105293,0.5222393435157009,1.265111776448341,0.0685155708684335,Mantegna_sp500_CLA_weight_volatility
APA//BK//FL//GPS//HP//IP//KSS//MO//NTAP//PVH//STT//TAP//WRK,0.0//0.0//0.0//0.0//0.0//0.21002174529092435//0.0//0.02330693399825717//0.0//0.0//0.0//0.0//0.7666713207108186,0.4622683444283887,0.9774300072365262,0.8176280187512769,0.1364867594179208,-0.1801801886283063,0.2952447784688699,-0.6404183999760138,-1.579312729193877,-0.0642061513906622,Mantegna_sp500_CLA_weight_volatility
BBY//FTI//IBM//KLAC//MU//NKE//OKE//PKG//PSX//TJX//UHS//ULTA,0.0//0.38919093964218854//0.0//0.0//0.0//0.0//0.0//0.0//0.0//0.6108090603578116//0.0//0.0,0.4375845856709685,0.9328425492203966,0.7366564261763666,0.1169661379901864,0.1134427306993415,0.1838607815728999,0.568597227777425,0.9928582388447558,0.0738074964363362,Mantegna_sp500_CLA_weight_volatility
AEP//AMT//ARE//AWK//CBOE//CCI//CME//ES//EXR//PGR//PSA,0.0//0.0//0.2656104928501682//0.0//0.0//0.0//0.0//0.7343895071498319//0.0//0.0//0.0,0.3951363955522248,0.9858466531492902,0.809479127126843,0.1505807289346677,0.2061393344802398,0.125290245841495,1.5742592981241954,1.804891283223508,0.1886075764549169,Mantegna_sp500_CLA_weight_volatility
BAX//BDX//BIIB//CMG//CVX//EW//HOLX//KIM,0.0//0.0//0.0//0.0//0.0//0.0//0.0//1.0,0.5146358543135457,0.9153904605587628,0.737449225670485,0.1034675926655979,0.1547397236143507,0.2200622084568,0.6627204399931315,1.3546247061441012,0.0845520125243727,Mantegna_sp500_CLA_weight_volatility
AMP//DIS//FLIR//HON//LMT//MTB//OMC//TEL,0.0//0.0//0.9326641185039419//0.0//0.0//0.0//0.06733588149605804//0.0,0.33239050125123,0.8883408008708611,0.7030495468445324,0.1354684016435547,0.0584392068416865,0.2309578151235503,0.2144946115600621,0.5110209642530964,0.0333853607356979,Mantegna_sp500_CLA_weight_volatility
8//19//20//34//42//48//55//61//67//73//77,0.0//0.0//0.9999999999999999//0.0//0.0//0.0//0.0//0.0//0.0//1.5362097393205947e-16//0.0,0.5553044081915569,0.8817728535788303,0.7575068087764434,0.0855206193728976,-0.0835326719276014,0.3777199953878799,-0.2447121493599577,-0.324169099710118,-0.0546593250110729,Mantegna_indextrack2_CLA_weight_sharpe
4//6//17//21//25//26//37//40//44//81,2.7755575604691705e-17//0.0//0.0//1.0//0.0//0.0//0.0//0.0//0.0//0.0,0.2849647870504202,0.9377204661673422,0.7150339825560438,0.1686011337115655,0.1254906074847329,0.4171065206180098,0.2795223803070384,0.4805992952083017,0.0815006202155114,Mantegna_indextrack2_CLA_weight_sharpe
0//14//35//41//47//51//57//66//75,0.0//0.0//0.0//5.551115120938341e-17//0.0//0.0//1.0000000000000002//0.0//0.0,0.78109870670443,0.9761648413325106,0.8936581094999863,0.0502536416060166,0.6281472412106677,0.4875148114348292,1.2702121590688291,2.415896518828676,0.3388134418231009,Mantegna_indextrack2_CLA_weight_sharpe
11//18//62//65//69//70//72//74//79,0.0//0.0//0.0//0.0//0.0//0.9999999999999999//0.0//0.0//1.3727294722521428e-16,0.6173751031106787,0.9115045037743532,0.8014869657304078,0.0727286358509173,0.8038703518723932,0.4949819521521071,1.606059268254088,3.0924546807468056,0.4260433387553374,Mantegna_indextrack2_CLA_weight_sharpe
1//5//10//30//33//53//63//83,-6.938893901172926e-18//0.0//0.0//0.0//0.0//0.9999999999999999//0.0//0.0,0.0075789031409157,0.9280482058876592,0.6261656532096757,0.2312173445870364,-0.2543197633145392,0.574936298951593,-0.4578242212128985,-0.9817229080451184,-0.1100111310988037,Mantegna_indextrack2_CLA_weight_sharpe
15//29//31//36//56//68//76//80,0.0//0.4831929225271406//0.0//0.0//0.5168070774728596//0.0//0.0//0.0,0.4219859724456334,0.9593436793411256,0.7985833276321871,0.1177579155466188,0.5452889438067968,0.3254514071541614,1.6481383457430172,2.0968806695182027,0.43697257855516,Mantegna_indextrack2_CLA_weight_sharpe
12//43//45//50//54//60//82,0.0//0.0//0.0//0.999999999756461//0.0//0.0//2.4353901318955463e-10,0.634454968628869,0.8997776953810329,0.7955840097825095,0.0758366513748587,0.140425612228773,1.0364344167577797,0.1269020114559851,0.5381011190709447,0.0418603830941205,Mantegna_indextrack2_CLA_weight_sharpe
3//7//13//32//46//58//71,2.435390131895849e-10//0.0//-5.55111512177387e-17//0.0//0.0//0.999999999756461//0.0,0.748056515793092,0.9671570568994412,0.8841872301779355,0.0574789197890972,1.6643484643248143,0.5593553733392278,2.959564783372248,6.405413846671669,0.7775906451096803,Mantegna_indextrack2_CLA_weight_sharpe
23//27//28//38//64,0.0//0.0//0.0//0.999999999756461//2.435390131895851e-10,0.8167007011597861,0.957978659276126,0.903222192788798,0.0454890523430418,0.4598449665404933,0.6970995068169773,0.6468875133760328,1.7679095968540768,0.1769167242035586,Mantegna_indextrack2_CLA_weight_sharpe
22//24//59//78//84,-1.040834085175939e-17//0.0//1.0//0.0//0.0,0.6253594369424663,0.8862680189233152,0.7784790402713776,0.0975896081315833,0.0850282415511997,0.5098136689436741,0.1493256187283802,0.3248136172757711,0.0476844884614858,Mantegna_indextrack2_CLA_weight_sharpe
ABC//AJG//APD//ARNC//AXP//BLL//CHTR//DISH//DRI//FBHS//GE//HIG//HLT//ICE//IDXX//IT//JCI//KMX//LH//MA//MCD//MCK//MET//MKC//MLM//MSFT//NDAQ//PLD//PYPL//RMD//ROP//SYF//VMC//VRSK,0.0//0.0//0.0//1.0//0.0//1.8593251446436973e-25//0.0//0.0//0.0//0.0//0.0//0.0//0.0//0.0//0.0//0.0//8.749765386558576e-26//0.0//0.0//0.0//0.0//0.0//0.0//0.0//0.0//0.0//0.0//0.0//0.0//0.0//0.0//4.440892096750673e-16//0.0//0.0,0.1176661518130986,0.9798300564440776,0.8273042682494972,0.1330860572977916,0.6607498901715676,0.2221768982727797,2.9339229021518385,5.787332694100923,0.3438182532251989,Mantegna_sp500_CLA_weight_sharpe
ACN//ADBE//AGN//AKAM//AME//AMZN//CDNS//CMCSA//COST//CVS//DRE//FB//FISV//FLS//INFO//IPG//MCO//MMC//ORCL//PG//SBUX//SNPS//SPGI//V//VRSN//WU,0.0//0.0//0.0//0.0//0.0//0.0//0.0//0.0//0.0//0.0//0.0//0.0//0.0//0.0//0.0//9.68834884719066e-11//0.0//0.0//0.0//0.0//0.0//0.0//0.0//0.0//0.0//0.9999999999031165,0.3232076580721355,0.9714710805032482,0.7677977232993761,0.1378776498412907,0.3769010202678803,0.1671660683743071,2.201409794743015,3.3007835372821166,0.2601991471409897,Mantegna_sp500_CLA_weight_sharpe
A//ALXN//AOS//CHRW//CNP//CTSH//FCX//FDX//FLR//GPC//GRMN//HOG//IRM//LKQ//MMM//MOS//NLSN//NWL//PPL//RHI//ROK//SEE//TRIP//VZ,0.0//0.0//0.0//0.0//1.0000000000000002//0.0//0.0//0.0//0.0//0.0//0.0//0.0//0.0//0.0//0.0//0.0//0.0//0.0//0.0//0.0//0.0//0.0//0.0//0.0,-0.0722478693939102,0.96264788842152,0.7028539316336972,0.2028005419683324,-0.1472637690144446,0.157846762619853,-0.9893378009312636,-1.2909610599971182,-0.1040366037173427,Mantegna_sp500_CLA_weight_sharpe
AFL//AIG//ALLE//CB//CERN//CINF//DGX//F//HRB//HSIC//IR//L//MHK//MNST//PAYX//PEP//PHM//RE//RSG//SYY//TRV//TSN//XRAY,0.0//0.0//0.0//0.0//0.0//0.0//0.0//-1.960040586643135e-16//0.4807092067758619//0.0//0.0//0.0//0.0//0.0//0.0//0.0//0.5192907932241387//0.0//0.0//0.0//0.0//0.0//0.0,0.3219358761010398,0.9651910576823116,0.779271937087272,0.1465340434317649,0.4046804002249051,0.1761051505840643,2.247409567024436,3.5441341408357863,0.2654501928893122,Mantegna_sp500_CLA_weight_sharpe
ADS//AES//ALB//AMGN//FFIV//GWW//INTC//ISRG//JBHT//LEG//M//MAS//MAT//ORLY//PM//PNR//RTN//UPS//VRTX//WAT//ZBH,0.0//0.0//0.0//0.0//0.0//0.0//0.0//0.0//0.0//0.0//0.0//0.0//1.0000000000000002//0.0//0.0//0.0//0.0//0.0//0.0//0.0//0.0,-0.0944181533366488,0.968454324798946,0.6485860898049777,0.2080805604709605,0.2247818422672386,0.489689725864988,0.4408543427900288,1.968201822506186,0.0592251691807197,Mantegna_sp500_CLA_weight_sharpe
ABT//ADP//ALL//ANTM//AZO//CI//EBAY//EFX//EL//HCA//HRL//HUM//IQV//NEM//NWS//NWSA//SYK//T//TGT//UNH//WLTW,0.0//0.0//0.0//0.0//0.0//0.0//0.0//0.0//0.0//0.0//0.0//0.0//0.0//0.0//0.8354277814855262//-1.3154904596993876e-16//0.0//0.16457221851447384//0.0//0.0//0.0,0.3430626412018405,0.9897067903834532,0.7298684712605924,0.1425080467627051,0.1921173829357505,0.184768485220765,0.9916051577564148,1.6820573547258029,0.1220954309642213,Mantegna_sp500_CLA_weight_sharpe
AAP//AMG//CHK//COP//CXO//DVN//EOG//FAST//FTV//GT//HAL//MRO//NBL//NOV//NRG//OXY//PXD//REGN//RL//SRCL//TPR,0.0//0.0//0.0//0.0//0.0//0.0//0.0//0.0//0.0//0.0//0.0//0.0//0.0//0.0//0.0//0.0//0.0//0.0//0.0//0.0//1.0,0.413426885846725,0.9711261343534086,0.8373963875247877,0.1037029013164608,-0.3259447916020834,0.3603773266271136,-0.929150550996098,-2.856227626693581,-0.097166004425204,Mantegna_sp500_CLA_weight_sharpe
ABBV//ALGN//BMY//CCL//COG//EA//EQT//HST//JWN//KR//LEN//LLY//MAC//NCLH//RCL//RRC//SIG//SJM//SPG//XEC,0.0//0.0//0.0//0.0//0.0//0.0//0.0//0.0//0.0//0.0//1.0//0.0//0.0//0.0//0.0//0.0//0.0//0.0//0.0//0.0,0.0818445006464177,0.9650351295199132,0.6685910533611104,0.2069467099551346,0.001717815436137,0.2313450240588945,-0.0310453384207416,0.0141349698825175,0.0053560587099838,Mantegna_sp500_CLA_weight_sharpe
ANSS//AVY//CF//CLX//CSCO//DISCA//DISCK//EIX//EXPE//FMC//GD//HD//HII//HPQ//INTU//MGM//ROST//SHW//TDG//TROW,0.0//0.0//0.9999999999999996//0.0//0.0//0.0//0.0//0.0//0.0//0.0//0.0//0.0//0.0//0.0//0.0//0.0//0.0//0.0//0.0//0.0,0.5235033865380936,0.9889493260677904,0.7950425972575978,0.0902378358119219,0.7119573911079546,0.3036378909639489,2.315446826731612,6.23591636582516,0.2732169001053211,Mantegna_sp500_CLA_weight_sharpe
AMD//AON//BSX//COO//CPB//DG//DHR//ECL//KMI//MSI//MTD//TMO//TSCO//UA//UAA//WMT//XRX//YUM//ZTS,0.07779960717777239//0.0//0.0//0.0//0.22514459902112696//0.0//0.0//0.0//0.6970557938011007//0.0//0.0//0.0//0.0//0.0//0.0//0.0//1.9347184793158684e-17//0.0//0.0,0.6112813671221209,0.9967572351494112,0.8378209138372801,0.0912587504730989,0.1986604834959763,0.1424425051648266,1.3321900178348869,1.7393756776295732,0.1609744643324019,Mantegna_sp500_CLA_weight_sharpe
AYI//BHF//CAG//CAH//CMA//CRM//DHI//ETFC//IVZ//MS//MYL//PBCT//RJF//SCHW//TIF//UNM//UTX//ZION,0.0//0.0//4.0937855619553034e-18//0.09025872738835079//0.0//0.0//0.9097412726116492//0.0//0.0//0.0//0.0//0.0//0.0//0.0//0.0//0.0//0.0//0.0,-0.2522020222549917,0.9529944813627804,0.6109035864273905,0.2505703639685477,0.3426514732301402,0.2308158426241315,1.4459643213210134,3.000753516598873,0.1739622258572666,Mantegna_sp500_CLA_weight_sharpe
AAL//ADM//DXC//FOX//FOXA//GOOG//GOOGL//HES//K//KHC//LOW//MPC//NUE//NVDA//SLB//VLO//WFC//XOM,0.0//0.0//0.0//1.1102230241876682e-16//0.0//0.0//0.0//0.0//1.0//0.0//0.0//0.0//0.0//0.0//0.0//0.0//0.0//0.0,0.3836835292006587,0.9994174462502592,0.7333261741811634,0.1349732130720116,0.4137528764074699,0.2724182859931547,1.486144276003715,3.623610088757192,0.1785489176981218,Mantegna_sp500_CLA_weight_sharpe
CHD//CL//COF//CTAS//DFS//FIS//GPN//HAS//HSY//IFF//KMB//KO//MDLZ//NAVI//NEE//NOC//USB//WM,0.0//0.0//0.0//0.0//-2.0894459180385578e-17//0.0//0.0//0.0//0.0//0.0//0.0//0.0//0.0//1.0//0.0//0.0//1.1819452877241457e-16//0.0,0.2821347473048557,0.9769153726214276,0.7719641565123666,0.1537971595400316,0.4766023887214665,0.3274150329889245,1.4284695007797257,4.174179135954272,0.171965126774711,Mantegna_sp500_CLA_weight_sharpe
APH//BEN//BWA//CAT//CTL//CTXS//DLR//DUK//GLW//JNPR//LB//LYB//PKI//PWR//VAR//WBA//WMB//WY,0.0//0.0//0.0//0.0//1.0//0.0//0.0//0.0//0.0//-5.551115120938341e-17//0.0//0.0//0.0//0.0//0.0//0.0//0.0//0.0,0.1733143835053563,0.9311852268089889,0.6719692386388874,0.169397764401586,-0.0196214720732852,0.3359928965909484,-0.0848871281585708,-0.1727996738300757,-0.0007901826095431,Mantegna_sp500_CLA_weight_sharpe
AEE//AIZ//CMS//DTE//ED//ETR//FE//GIS//LNT//MDT//NI//PEG//SBAC//SO//SRE//WEC//XEL,0.0//0.0//0.0//0.0//0.0//0.0//0.0//0.0//0.0//0.0//0.9999999999188975//8.11024221249806e-11//0.0//0.0//0.0//0.0//0.0,0.2132269305896877,0.9893136877748052,0.8393696844703271,0.1759510828092608,0.1990983692296975,0.1388485830314818,1.3698257848736772,1.743211607652254,0.1652707276548557,Mantegna_sp500_CLA_weight_sharpe
APTV//BA//EMN//EMR//ETN//EXPD//HBI//HPE//ITW//PCG//PH//STX//TXT//URI//XLNX,0.0//0.0//0.0//0.0//0.0//0.0//0.0//0.0//-3.469446950586463e-18//1.0//0.0//0.0//0.0//0.0//0.0,0.2868585962935848,0.9573995391954456,0.7095593196119404,0.1767080015317292,0.255623944216015,0.7256322698643651,0.3400123650263411,2.238382227385979,0.0477136809205416,Mantegna_sp500_CLA_weight_sharpe
AIV//AVB//D//EQIX//EQR//ESS//GILD//INCY//MAA//MRK//O//PFE//REG//UDR//VTR,0.0//0.0//6.759564207564189e-27//0.0//0.9999999998507101//0.0//0.0//0.0//0.0//0.0//0.0//0.0//0.0//1.4928952977133624e-10//0.0,0.1714130302006561,0.9546231641694856,0.6028598572654446,0.1937460488218275,0.1866285044453442,0.1424389721343331,1.2477519444448797,1.6339741399262104,0.1513355430012582,Mantegna_sp500_CLA_weight_sharpe
BXP//CNC//COTY//CSX//EXC//FRT//ILMN//JNJ//NFLX//NSC//PDCO//PNW//SLG//SNA//VNO,0.0//0.0//0.0//0.0//0.0//0.0//0.0//0.0//0.0//0.0//0.0//0.9999999999999891//0.0//0.0//0.0,-0.2364348267631998,0.8761205408862336,0.353883374206334,0.2802138153338459,-0.0812595055343562,0.1498092921144268,-0.6018285265341943,-0.7127560251891634,-0.0598009732600997,Mantegna_sp500_CLA_weight_sharpe
AAPL//ADI//AMAT//ATVI//DAL//DE//DLTR//DVA//GS//PCAR//PPG//SWK//TXN//XYL,0.0//0.0//0.5688741138873643//0.4311258861126359//0.0//0.0//0.0//0.0//0.0//0.0//0.0//0.0//0.0//0.0,0.3753454861643404,0.9421207810565418,0.7439301900376418,0.1401686806629622,0.4081216860741713,0.2670365386996205,1.4950077169897746,3.5742802056405125,0.1795607125787707,Mantegna_sp500_CLA_weight_sharpe
AVGO//BAC//GM//LRCX//LUV//MCHP//NTRS//PRGO//QRVO//RF//SWKS//WDC//WYNN,0.0//-5.551115114376017e-17//0.0//0.0//0.0//0.0//0.0//0.0//0.0//1.0//0.0//0.0//0.0,0.5846740209706704,0.9647461466041684,0.8024248476119421,0.0840068216862149,0.1445214884886813,0.2596922085105293,0.5222393435157009,1.265111776448341,0.0685155708684335,Mantegna_sp500_CLA_weight_sharpe
APA//BK//FL//GPS//HP//IP//KSS//MO//NTAP//PVH//STT//TAP//WRK,0.0//0.0//0.0//0.0//0.0//0.0//0.0//0.0//0.0//0.0//0.0//0.0//0.9999999999999999,0.4622683444283887,0.9774300072365262,0.8176280187512769,0.1364867594179208,-0.139337970218634,0.3305469031325996,-0.448462741032452,-1.2215301395233982,-0.042293696246419,Mantegna_sp500_CLA_weight_sharpe
BBY//FTI//IBM//KLAC//MU//NKE//OKE//PKG//PSX//TJX//UHS//ULTA,0.0//0.9999999998512442//0.0//0.0//0.0//0.0//0.0//0.0//0.0//1.487556964315947e-10//0.0//0.0,0.4375845856709685,0.9328425492203966,0.7366564261763666,0.1169661379901864,0.320828283270013,0.3075213492953919,1.0143304976539629,2.8095798310638083,0.1246896133596937,Mantegna_sp500_CLA_weight_sharpe
AEP//AMT//ARE//AWK//CBOE//CCI//CME//ES//EXR//PGR//PSA,0.0//0.0//0.0//0.0//0.2566602487108771//0.0//0.0//-1.6505458140006437e-16//0.7433397512891232//0.0//0.0,0.3951363955522248,0.9858466531492902,0.809479127126843,0.1505807289346677,0.4103477082200187,0.1281355345978881,3.1329928070291544,3.5937804188761526,0.366542826104165,Mantegna_sp500_CLA_weight_sharpe
BAX//BDX//BIIB//CMG//CVX//EW//HOLX//KIM,0.0//0.0//0.0//0.0//0.0//0.0//2.4353901318958575e-10//0.999999999756461,0.5146358543135457,0.9153904605587628,0.737449225670485,0.1034675926655979,0.1547397236197702,0.2200622084286033,0.6627204401026733,1.3546247061915762,0.0845520125368773,Mantegna_sp500_CLA_weight_sharpe
AMP//DIS//FLIR//HON//LMT//MTB//OMC//TEL,0.0//0.9999999999999999//0.0//0.0//0.0//0.0//0.0//-2.0800000677830225e-16,0.33239050125123,0.8883408008708611,0.7030495468445324,0.1354684016435547,0.7198073432657756,0.259502860819467,2.739497133175519,6.304682860917145,0.32162382579844,Mantegna_sp500_CLA_weight_sharpe
24//25//27//33//38//41//45//56//70//80//84//89//90,0.0//0.0//0.0//0.0//0.0//0.0//0.5256834913900753//0.0//0.4743165086099245//0.0//0.0//0.0//0.0,0.4040945317016087,0.9738408448489452,0.8202643926004057,0.1167916527443413,0.7231529768551933,0.4275354536075108,1.670628648053354,3.646038294595972,0.3389378157097832,Mantegna_indextrack4_CLA_weight_volatility
0//3//4//39//51//53//57//64//73//82//95,0.0//0.0//0.32883571320010935//0.0//0.0//0.0//0.0//0.0//0.024855232349125008//0.0//0.6463090544507653,0.5890467140618983,0.9666183360088147,0.828304295294296,0.0988618245362079,0.5553026295500051,0.3016194221993732,1.8115631465828743,2.796391419462323,0.3667798583486636,Mantegna_indextrack4_CLA_weight_volatility
8//21//42//46//50//66//69//74//81//96,0.0//0.0//0.0//0.0//0.3673515991390207//0.0//0.10606038474162614//0.0//0.526588016119353//0.0,0.1775810520098072,0.94397699634796,0.6214825134420382,0.1968862491567371,0.2930492319668793,0.3231443953886967,0.879325886574911,1.468882818335954,0.1826135270847958,Mantegna_indextrack4_CLA_weight_volatility
10//12//13//28//31//37//44//48//59//93,0.9190370977189921//0.0//0.0//0.08096290228100793//0.0//0.0//0.0//0.0//0.0//0.0,0.3655520628799505,0.9049249373512608,0.7096187365969958,0.12181140306294,0.3763525373158869,0.5825833181770367,0.6307295898304878,1.8905584014635732,0.1335025658507285,Mantegna_indextrack4_CLA_weight_volatility
15//22//32//35//49//68//71//72//94,0.0//0.14274481360754565//0.0//0.0//0.17863684405817293//0.0//0.34136193786393343//0.3142380709368154//0.023018333533532595,-0.628944696273529,0.8397575031376445,0.21019064314584,0.4384857438414843,0.0609082489431503,0.434944165531412,0.1195745409749478,0.2938011817281746,0.0325223174814199,Mantegna_indextrack4_CLA_weight_volatility
16//17//18//23//40//60//63//79,0.7579577269823006//0.0//0.17038658266202453//0.0//0.0//0.0//0.07165569035567497//0.0,0.7462144557703169,0.9568916159007302,0.8849367922978733,0.0533337053013451,0.4737470284579577,0.3583808636133003,1.297075473760609,2.3835625946788137,0.2651412398886459,Mantegna_indextrack4_CLA_weight_volatility
9//11//19//34//76//78//86//88,0.0//0.0//0.0//0.259964289176916//0.0//0.5131054068967508//0.22693030392633315//0.0,-0.2209962044991969,0.8537462203636389,0.3796394027288711,0.3087731592900865,0.2963593278746075,0.364900401414445,0.7877747647312622,1.485638295399582,0.1645273220420022,Mantegna_indextrack4_CLA_weight_volatility
20//29//30//43//54//61,0.0//0.0//0.0//0.0//0.5532055916344619//0.4467944083655381,0.5571623773635376,0.9574234936697648,0.806295643524728,0.1032948646770835,0.3680088611600488,0.3367764912962691,1.0663121400719549,1.8483232885385736,0.2195532352262962,Mantegna_indextrack4_CLA_weight_volatility
26//65//67//97//98,0.9902398228165702//0.0//0.0//0.0//0.009760177183429848,0.5387987990324964,0.8715804187751308,0.7451545357789355,0.1198300605817806,0.635257022443476,0.3211684183939497,1.9502447518833488,3.201115038839939,0.3941768350171932,Mantegna_indextrack4_CLA_weight_volatility
47//83//85//91,0.3207047324777698//0.0//0.6792952675222301//0.0,0.5854942343389816,0.8873171227901469,0.7437051087398318,0.1136318008655306,0.5672925206739965,0.4201464338367612,1.3290426282445795,2.857083420940101,0.2714564493474567,Mantegna_indextrack4_CLA_weight_volatility
